{
	"class_name" : "PinholeCameraParameters",
	"extrinsic" : 
	[
		0.47134355209610468,
		0.39674552268243274,
		-0.78767267702318455,
		0.0,
		0.82617141431262342,
		-0.51119616194809125,
		0.23689507842549321,
		0.0,
		-0.30866818765481219,
		-0.76241161733081186,
		-0.56872882438725536,
		0.0,
		-5649157.6895006252,
		2947880.6149649941,
		-883908.19792632421,
		1.0
	],
	"intrinsic" : 
	{
		"height" : 720,
		"intrinsic_matrix" : 
		[
			400,
			0.0,
			0.0,
			0.0,
			400,
			0.0,
			0.0,
			0.0,
			1.0
		],
		"width" : 1280
	},
	"version_major" : 1,
	"version_minor" : 0
}