{
	"class_name" : "PinholeCameraParameters",
	"extrinsic" : 
	[
		0.29292163599366006,
		0.11824450811396268,
		-0.94879668605433309,
		0.0,
		0.95612768375781332,
		-0.040474808094715674,
		0.29014072837437854,
		0.0,
		-0.0040948160784960858,
		-0.99215927461803388,
		-0.12491279466371864,
		0.0,
		-6336925.7078016391,
		164963.56511242717,
		-1096204.2968049401,
		1.0
	],
	"intrinsic" : 
	{
		"height" : 1031,
		"intrinsic_matrix" : [ 400.0, 0.0, 0.0, 0.0, 400.0, 0.0, 470.0, 515.0, 1.0 ],
		"width" : 941
	},
	"version_major" : 1,
	"version_minor" : 0
}